entry_id,port_of_origin,departure_dock,departure_time,port_of_entry,arrival_dock,arrival_time,ship_callsign,disembark_time,unload_time
4697,Braefoot Bay Terminal,Dock pO687,2025-01-04,Naestved,Dock FD262,2025-03-23,Na-Od-Rm80U9,2025-03-23,2025-04-07
1134,Busum,Dock WR777,2025-02-11,Granton,Dock hu922,2025-01-17,ii-aR-Ml59m8,2025-02-26,2025-02-14
8179,Broadford Bay,Dock RG769,2025-03-05,Santa Barbara De Samana,Dock LF379,2025-04-27,in-YQ-sf37h2,2025-01-03,2025-03-01
3482,Saint-Valery-Sur-Somme,Dock VH553,2025-01-26,Lunde,Dock cg564,2025-01-07,so-Di-PD28H8,2025-03-13,2025-02-24
3852,Peterhead,Dock ds566,2025-02-13,Karlsborg,Dock oX342,2025-03-18,sG-ZU-Xs59Z8,2025-02-17,2025-05-03
8027,Scalloway,Dock an835,2025-05-13,Astakos,Dock Uv492,2025-04-24,Dr-fU-Nd11T0,2025-04-26,2025-05-09
3155,Honningsvag,Dock ic534,2025-04-08,Torquay Harbour,Dock Ho435,2025-03-25,aG-HI-FJ22N9,2025-04-28,2025-01-28
7474,Vladivostok,Dock li297,2025-02-10,Morlaix,Dock vA553,2025-03-06,xo-ke-ii95n8,2025-03-20,2025-01-16
9360,Rognan,Dock Ww649,2025-03-06,Harstad,Dock hG828,2025-05-08,mR-so-Eb40v3,2025-05-10,2025-02-13
5013,Larvik,Dock Jx773,2025-01-18,Sanchez,Dock Eu356,2025-04-06,rA-aB-vV07D5,2025-05-14,2025-03-22
6788,Ayvalik,Dock YZ497,2025-02-15,Nowy Port,Dock jk273,2025-02-16,iD-fg-qp57Y8,2025-01-09,2025-04-26
1411,Santiago De Cuba,Dock Ct595,2025-04-24,Yithion,Dock IH453,2025-01-16,nK-mV-jb90G8,2025-03-10,2025-05-08
1022,Zaliv Rasa,Dock Ew495,2025-03-29,Bandirma,Dock pL327,2025-01-17,fP-HO-qj97U6,2025-03-26,2025-01-28
2036,Torehamn,Dock LH758,2025-02-24,Rabocheostrovsk,Dock yy855,2025-02-22,cM-qg-HK91N8,2025-04-26,2025-04-07
8624,Granton,Dock rb629,2025-03-25,Lilandsgrunnen,Dock UW987,2025-01-08,bd-BC-Jt53B5,2025-03-26,2025-01-01
2907,Gemlik,Dock ji756,2025-03-06,New Holland,Dock qW848,2025-04-13,vm-ZI-SL48M3,2025-04-02,2025-03-27
6989,Helmsdale Harbor,Dock ju588,2025-03-07,Uig,Dock Vg362,2025-02-01,JG-kq-JH44H8,2025-02-01,2025-04-08
1724,Klintehamn,Dock pK754,2025-04-13,Igarka,Dock Gq893,2025-05-11,wx-ra-Ak46f8,2025-05-10,2025-01-07
8314,Stromstad,Dock JI787,2025-04-26,Whitby,Dock OX348,2025-03-17,PH-XH-vJ10y8,2025-03-15,2025-03-23
9174,Corpach,Dock Xb869,2025-02-24,Barcelona,Dock sY372,2025-04-14,ru-HO-oL71E8,2025-05-14,2025-04-15
7580,Mesolongion,Dock sT323,2025-04-26,Tarragona,Dock uc685,2025-03-11,QV-CM-jL38u8,2025-02-27,2025-02-07
8512,Puerto Prodeco,Dock zY894,2025-03-03,Domsjo,Dock DW384,2025-02-09,lH-jG-CR37i4,2025-03-29,2025-03-09
205,Cockburn Town,Dock tw429,2025-02-21,Rognan,Dock af693,2025-02-16,WM-HM-Yl61n1,2025-04-13,2025-01-30
9480,Poole Harbour,Dock hi646,2025-03-28,Arroyo,Dock WH552,2025-01-02,Tp-lN-OW22E0,2025-01-14,2025-05-04
8116,Perth,Dock Nf386,2025-02-19,Plomarion,Dock ye299,2025-02-20,ft-VR-ql53C5,2025-01-09,2025-04-15
4185,Essaouira,Dock gs253,2025-04-01,Puerto Padre,Dock uq628,2025-04-14,Hj-TE-LT15l4,2025-02-17,2025-01-29
1199,Piraievs,Dock Lk542,2025-01-20,Ayr,Dock Kc552,2025-02-07,EA-fc-IC90v7,2025-04-15,2025-03-03
766,Police,Dock Ff827,2025-01-02,Vardo,Dock jC568,2025-01-30,TF-BX-jZ62m4,2025-03-26,2025-02-10
1033,Stura,Dock Xf598,2025-04-10,Zaandam,Dock jz764,2025-01-11,yX-hI-IE82Z3,2025-03-21,2025-02-20
9513,Batsfjorden,Dock Wt977,2025-03-06,Nykoping,Dock JK662,2025-03-22,ez-hS-eO88b0,2025-02-04,2025-02-10
7103,Sulina,Dock hY763,2025-02-22,Macduff,Dock aP242,2025-02-10,aV-ZF-qa39y0,2025-02-17,2025-01-27
8653,Watchet Harbor,Dock ei794,2025-02-05,Mykolayiv,Dock NC974,2025-01-09,pI-uR-hU01s3,2025-01-30,2025-05-08
1625,Dugi Rat,Dock XW363,2025-05-09,Porsgrunn,Dock nu699,2025-05-09,zy-ly-Cu59N4,2025-01-21,2025-02-22
2102,Batumi,Dock BD283,2025-05-02,Ambes,Dock rc732,2025-01-16,lo-iQ-FK84Q5,2025-02-13,2025-05-05
4192,Trabzon,Dock GE688,2025-05-03,Tulcea,Dock xP348,2025-03-02,ky-aC-xT89H5,2025-03-04,2025-02-10
7770,Burghead,Dock aP452,2025-02-22,Husum,Dock Wa479,2025-01-29,fQ-MW-RJ14G5,2025-04-07,2025-01-31
8899,Marstal,Dock Rx793,2025-05-05,Tanger,Dock dI768,2025-04-11,sl-oE-YR98r4,2025-03-16,2025-04-16
651,Stege,Dock yr987,2025-02-22,Craignure,Dock fU584,2025-02-03,Mx-pg-NL93e8,2025-01-16,2025-03-22
7595,Isle Of Grain,Dock wd625,2025-04-11,Bruges,Dock fe944,2025-02-10,Yd-Cg-Ek77c2,2025-04-15,2025-04-12
2544,Europoort,Dock Du694,2025-04-18,Police,Dock NZ286,2025-01-07,NQ-Cm-Or00k7,2025-04-27,2025-04-26
9694,Skutskar,Dock Qy235,2025-03-18,Rovinj,Dock nf457,2025-01-25,rq-XO-NS24w1,2025-04-18,2025-01-10
4828,Feodosiya,Dock ss726,2025-04-09,Kilkeel,Dock Mp294,2025-05-12,wA-Sr-LY18c0,2025-04-26,2025-01-09
9679,Hallstavik,Dock uB845,2025-05-09,Nemrut Limani Bay,Dock rp995,2025-04-06,Jc-jH-Bm23F4,2025-04-14,2025-04-24
8163,Holstebro-Stuer,Dock MZ527,2025-03-08,Kyrylivka,Dock tU838,2025-01-02,Rr-qd-li48K4,2025-05-06,2025-03-11
542,Playa De Guanica,Dock OH274,2025-03-14,Zarzis,Dock LC239,2025-05-01,jn-DG-hD15Z8,2025-03-29,2025-01-23
1743,Rochefort,Dock Cc448,2025-01-15,Ipswich,Dock le592,2025-05-07,iV-jX-zW26L8,2025-02-24,2025-03-28
9254,St George,Dock Nb739,2025-05-10,Charlestown,Dock an265,2025-03-28,xG-tY-jq60r3,2025-04-24,2025-04-10
3004,Isle Of Grain,Dock XT844,2025-04-17,Aleksandrovsk -Sakhalinskiy,Dock Id675,2025-04-11,tu-Am-tP09j4,2025-03-11,2025-03-23
6394,Bonifacio,Dock ce286,2025-01-17,Durres,Dock xr829,2025-01-07,uX-Je-tP89u9,2025-04-16,2025-03-25
509,Aultbea,Dock EG228,2025-04-13,Slite,Dock rz667,2025-05-07,lz-md-PD53K7,2025-04-27,2025-04-24
7104,Omisalj,Dock xo387,2025-04-07,Felton,Dock cV323,2025-04-12,Rn-IY-pY68m5,2025-04-23,2025-03-21
7071,Europoort,Dock mD948,2025-01-16,Koge,Dock nD453,2025-02-05,aj-uM-bs58T2,2025-02-22,2025-04-18
5233,Saint Sampson,Dock jJ752,2025-01-07,Augustenborg,Dock Uk943,2025-01-11,Vg-Zv-iE30B1,2025-01-25,2025-03-12
1748,Kvalsund,Dock Fn695,2025-03-17,Virtsu,Dock BS582,2025-03-20,Ku-TA-aP44t1,2025-02-22,2025-03-27
6014,Toulon,Dock Ei278,2025-04-30,Inebolu,Dock nI483,2025-04-06,UW-VX-WL39l2,2025-04-09,2025-02-01
4181,Vlores,Dock GN824,2025-02-02,Gabes,Dock as478,2025-04-17,TW-ZJ-Bf47C5,2025-01-13,2025-03-09
869,Sete,Dock Vb534,2025-03-04,Rotterdam,Dock fc274,2025-04-05,jE-jO-Rp58f1,2025-04-05,2025-03-31
7434,Nowy Port,Dock NC554,2025-03-14,Oranjestad,Dock Ce995,2025-04-11,bB-rU-rb48k6,2025-01-23,2025-02-25
2322,Haydarpasa,Dock Tp459,2025-03-05,Berlevag,Dock PR567,2025-04-11,hW-kK-PZ99y2,2025-03-02,2025-03-17
3856,Tsingeli,Dock Ul494,2025-04-07,Kralendijk,Dock XI475,2025-05-05,zo-oD-qb57S5,2025-03-10,2025-03-09
5261,Tarbert,Dock Qd868,2025-04-13,Port Saint Louis Du Rhone,Dock fc428,2025-04-27,uI-cp-JW70D0,2025-02-14,2025-03-26
1903,Marmaris,Dock gZ249,2025-04-20,Ornskoldsvik,Dock al649,2025-05-02,Lv-hP-oV87s5,2025-01-14,2025-03-05
3257,Kerteminde,Dock Ex644,2025-01-17,Dieppe,Dock Iw975,2025-01-23,Cl-jp-AK12M7,2025-01-21,2025-05-10
2933,St George,Dock Ct532,2025-04-17,Kandalaksha,Dock GY258,2025-02-17,ts-UR-Jq84g1,2025-01-06,2025-01-15
611,Bastia,Dock ds429,2025-05-05,Turku,Dock RT278,2025-01-04,DQ-bt-Qn83Y6,2025-04-20,2025-01-16
4112,Botas,Dock Hl855,2025-03-13,Invergordon,Dock rx789,2025-05-08,Vl-gi-fX60C5,2025-02-23,2025-01-17
6131,Burntisland,Dock Xj676,2025-01-05,Tornio,Dock MU426,2025-04-20,iI-tC-Yw51J4,2025-04-14,2025-02-12
6721,Bahai De La Habana,Dock oR384,2025-03-06,Sauda,Dock tY667,2025-03-08,ps-aH-MY06j6,2025-04-09,2025-01-10
2271,Oxelosund,Dock Ti332,2025-01-03,Pithagorion,Dock YG548,2025-04-06,jR-EC-VK49i7,2025-02-14,2025-02-22
966,Ardglass,Dock rR756,2025-01-29,Iraklion,Dock Us366,2025-01-13,Po-OX-SU68w6,2025-01-03,2025-01-25
4661,Heysham,Dock UW469,2025-02-15,Botas,Dock pt645,2025-03-21,yw-EU-vR04t9,2025-05-06,2025-02-16
7867,Haroysund,Dock ZW727,2025-04-11,Klaksvik,Dock ad955,2025-05-01,Bd-ME-Cg31O8,2025-04-22,2025-03-18
4617,Lesogorsk,Dock Zf563,2025-03-26,Varna,Dock Lr638,2025-01-14,gj-bw-IB79Z8,2025-05-09,2025-04-07
2820,Skadovs'k,Dock Ia458,2025-03-10,Samsun,Dock XQ287,2025-03-31,AU-fM-rX11n5,2025-01-11,2025-05-03
2285,Sibenik,Dock Bo524,2025-01-17,Lubeck-Travemunde,Dock kY599,2025-03-05,Wl-eX-Hb63O0,2025-03-12,2025-04-04
3639,Ghent,Dock CR279,2025-01-01,Alanya,Dock lK863,2025-01-23,Jv-bR-lX08n7,2025-03-14,2025-02-13
1797,Faborg,Dock Vk537,2025-01-17,Lavrio,Dock oM942,2025-02-20,XH-lP-gG40m4,2025-02-08,2025-05-07
7654,Finnsnes,Dock at295,2025-04-22,Bridgetown,Dock RN588,2025-03-04,qU-DL-IN61U3,2025-01-16,2025-05-02
1876,Turbo,Dock nl994,2025-02-27,San Andres Island,Dock Tk758,2025-02-21,pD-Le-jb61N8,2025-04-08,2025-04-21
2515,Ensted,Dock Pq673,2025-01-24,Vanasadam - Port of Tallinn,Dock uK869,2025-01-05,pi-sX-Zc28o7,2025-01-29,2025-04-28
8808,Wick,Dock UL798,2025-01-11,Santa Barbara De Samana,Dock fb239,2025-01-19,uR-GO-mA81c5,2025-03-16,2025-02-28
5561,Plomarion,Dock Ti929,2025-01-06,Sokhumi,Dock dV974,2025-01-06,ln-gm-HM81W1,2025-01-14,2025-03-25
6034,Ireland Island,Dock eb267,2025-05-03,Oskarshamn,Dock fO362,2025-02-20,yu-SR-jl79u2,2025-02-10,2025-01-20
56,Bahia De Jobos,Dock xG528,2025-04-27,Stranraer,Dock Sx336,2025-02-12,Fn-kL-tX81K0,2025-01-19,2025-04-26
2894,Gumbodahamn,Dock fn749,2025-04-02,Petropavlovsk,Dock NL694,2025-05-05,KD-Ov-OR44C5,2025-03-06,2025-03-19
1505,Vostochnyy,Dock Gr465,2025-05-08,Leith,Dock RP834,2025-03-19,Pq-od-Eg80Q9,2025-04-20,2025-03-30
6937,Grimsby,Dock El825,2025-03-14,Loksa,Dock BF794,2025-04-16,ru-PF-Qq77M2,2025-04-05,2025-04-01
9364,Flekkefjorden,Dock Cd284,2025-03-25,Bodo,Dock Ra984,2025-05-14,Se-bu-WD98Q1,2025-03-23,2025-02-08
606,Lubeck,Dock Sr987,2025-05-08,Neustadt,Dock DM567,2025-02-28,Bz-JX-Ii04S8,2025-01-17,2025-04-09
1957,Navplio,Dock iF477,2025-03-07,Skaelskor,Dock bF299,2025-02-13,QH-XC-gH67I0,2025-03-20,2025-03-19
9008,Bud,Dock CF667,2025-02-02,Kali Limenes,Dock GX339,2025-01-21,aW-mD-WT70I7,2025-05-15,2025-02-04
264,Thisted,Dock Pe466,2025-01-03,Borusan Fertilizer Jetty,Dock CS443,2025-02-20,vk-Cl-mt99d8,2025-03-26,2025-04-12
2170,Stratoni,Dock tH257,2025-05-12,Playa De Guayanilla,Dock eU525,2025-04-16,Yw-lb-nw47T0,2025-02-03,2025-04-26
5900,Grebbestad,Dock Sw994,2025-03-13,Rothesay Dock,Dock bg956,2025-02-09,ND-WC-xm60C9,2025-01-05,2025-04-02
7565,Par,Dock fO987,2025-02-21,Port Alucroix,Dock ZL228,2025-03-01,aW-zn-NF57z3,2025-02-13,2025-05-01
7003,Newlyn,Dock hG543,2025-03-28,Basseterre,Dock fI582,2025-03-19,kg-PU-dN96J5,2025-05-15,2025-04-19
9699,Bridlington,Dock Wn562,2025-03-17,Orth,Dock dX255,2025-02-10,yq-IV-Bf93I6,2025-04-15,2025-02-22
3341,Largs,Dock kT259,2025-03-12,Kirkenes,Dock LW447,2025-04-29,HI-Ts-Hd25c5,2025-04-28,2025-03-13
8919,Clifton Pier,Dock lZ483,2025-04-10,Katakolon,Dock lq725,2025-03-19,Qq-Je-Ur33q2,2025-03-15,2025-05-06
3636,Port De Roscoff-Bloscon,Dock al574,2025-04-24,Khorly,Dock Yb776,2025-05-03,cU-BA-UM84H2,2025-01-11,2025-03-31
83,Malmo,Dock rD823,2025-01-13,Malm,Dock iA226,2025-01-02,cf-jy-Hl10i8,2025-05-10,2025-01-07
4365,Christiansted,Dock UQ343,2025-01-20,Ramsgate,Dock jW354,2025-05-05,YY-NT-CM86J2,2025-04-27,2025-02-16
3608,Virtsu,Dock yn478,2025-02-01,Port Ellen,Dock gD252,2025-04-04,GW-ru-sQ64s4,2025-04-04,2025-03-13
9233,Rahja,Dock Wk763,2025-01-16,Littlehampton Harbour,Dock vR742,2025-04-11,IE-bg-KN24G3,2025-05-07,2025-04-19
5551,Pithagorion,Dock UX767,2025-01-16,Pierowall,Dock Hr543,2025-04-20,Ge-qg-LG53v4,2025-02-21,2025-05-01
9120,Port Alucroix,Dock wx837,2025-02-23,Paimpol,Dock yq699,2025-04-09,DZ-cM-JJ12G9,2025-04-02,2025-01-02
9506,Longyearbyen,Dock pY237,2025-01-27,Haroysund,Dock XM684,2025-03-05,OO-sK-uE26P5,2025-05-13,2025-01-05
2880,Donges,Dock gW327,2025-03-11,Tumaco,Dock GE884,2025-02-08,Zq-HF-sm47i0,2025-01-01,2025-04-24
2869,Broadford Bay,Dock rt223,2025-01-03,Stusvik,Dock Wj748,2025-01-06,dw-TZ-Sw14P6,2025-01-11,2025-03-05
4472,Miiduranna,Dock GB894,2025-02-08,Cockburn Harbor,Dock Ut798,2025-01-05,Fs-Mm-cM67i1,2025-04-14,2025-04-30
4484,Ystad,Dock YO934,2025-01-28,Gebze,Dock bN527,2025-02-04,PI-wu-IF19W0,2025-04-15,2025-04-16
4235,Aguadilla,Dock aa339,2025-03-08,Lysekil,Dock hY563,2025-03-27,tk-QV-vf96c7,2025-05-02,2025-02-08
7331,Assens,Dock MN284,2025-03-18,Rothesay Dock,Dock na939,2025-04-14,wC-gM-YF49a1,2025-02-08,2025-01-29
5140,Lerwick,Dock hZ387,2025-02-22,Kristiansund,Dock Qf657,2025-02-18,un-LB-oF48K4,2025-03-17,2025-05-07
3339,Sevastopol,Dock uf829,2025-05-02,Scapa Bay,Dock Nz225,2025-03-12,Ox-XX-Ex85c2,2025-04-20,2025-02-16
4802,Haakonsvern,Dock Wo789,2025-04-05,Oksfjord,Dock Hs494,2025-02-06,MZ-wY-Kc67R3,2025-01-01,2025-03-11
7361,Kokkola,Dock pD675,2025-04-05,Ceuta,Dock ZF474,2025-01-10,rH-Wp-VY75n8,2025-03-16,2025-03-20
218,Karlskrona,Dock Ye276,2025-03-06,Sovetskaya Gavan,Dock ZF872,2025-02-22,Qz-HH-vA44e9,2025-03-13,2025-04-23
8654,Berlevag,Dock aA295,2025-04-19,Baltiysk,Dock ln775,2025-02-12,iG-DU-Ct19p8,2025-05-15,2025-03-03
1961,Corpach,Dock PV652,2025-02-02,Cromarty,Dock fX762,2025-03-09,Hp-rL-IW54V7,2025-02-25,2025-03-19
6551,Kherson,Dock pt435,2025-02-07,Balaklava,Dock AL797,2025-05-01,xi-UW-uw77k8,2025-03-04,2025-02-26
5014,Plymouth,Dock mh392,2025-04-07,Antwerpen,Dock rv589,2025-03-14,NG-DO-iq12q2,2025-02-27,2025-01-15
6544,Botas Natural Gas Terminal,Dock He845,2025-02-23,Garlston,Dock Wy388,2025-02-13,Fe-hs-ZA24q9,2025-03-09,2025-04-02
8883,Haroysund,Dock cc593,2025-02-05,Longyearbyen,Dock fI597,2025-03-11,kI-Bg-wl59d4,2025-02-06,2025-01-21
2130,Sandnessjoen,Dock SB586,2025-04-15,Izmayil,Dock xs838,2025-01-04,rQ-II-Kb38A4,2025-01-05,2025-03-29
5905,Haderslev,Dock kK272,2025-01-26,Drag,Dock jB542,2025-05-11,Tm-Cn-Je97S6,2025-01-09,2025-05-05
9977,South Ness,Dock Ja837,2025-04-19,Holyhead,Dock kW236,2025-01-07,NC-xs-Rl90E3,2025-04-13,2025-04-23
9393,Durres,Dock Lb833,2025-02-21,Arendal,Dock iK645,2025-05-04,hV-ok-kt03X3,2025-04-03,2025-05-11
2386,Lysekil,Dock Xk692,2025-02-26,Tiksi,Dock BH833,2025-02-06,Bz-lH-En38B8,2025-04-05,2025-05-14
53,Kagehamn,Dock Fm943,2025-01-22,Jossingfjord,Dock in234,2025-03-20,iL-ng-GJ09N2,2025-03-22,2025-04-24
7282,Studstrup,Dock dx645,2025-01-13,Mostyn,Dock mU297,2025-01-26,mX-iU-Sg57m0,2025-04-08,2025-01-01
2235,Clifton Pier,Dock Ko347,2025-01-04,Lavrio,Dock iV333,2025-04-19,NP-dq-mQ52o1,2025-03-24,2025-01-10
5262,Skien,Dock Qe632,2025-03-10,Bahia De Jobos,Dock BM942,2025-03-28,dZ-BS-Im19X6,2025-04-11,2025-02-15
4525,San Feliu De Guixols,Dock LD674,2025-05-15,Puerto Guantanamo,Dock hC539,2025-03-22,Fy-QP-FL28k0,2025-01-10,2025-03-08
659,Pepillo Salcedo,Dock gJ558,2025-01-10,Bodo,Dock Wc924,2025-01-29,Hx-tb-Rw17A3,2025-01-12,2025-03-11
5769,Hundested Havn,Dock ip837,2025-04-05,Honfleur,Dock Mp953,2025-02-27,OP-ir-VE83q1,2025-04-06,2025-02-19
4863,Hansweert,Dock sS969,2025-03-20,Hallstavik,Dock me675,2025-03-29,aP-pm-LH37N0,2025-02-28,2025-04-04
5180,Port-La-Nouvelle,Dock pL682,2025-05-13,Meeruse,Dock OQ275,2025-02-13,lK-BX-Uj02X7,2025-02-27,2025-04-12
3600,Puerto De Haina,Dock Fp644,2025-01-05,Piraievs,Dock FF565,2025-02-09,Sa-xJ-JR21a7,2025-03-17,2025-05-09
9455,Colchester,Dock cF477,2025-05-15,Covenas Offshore Term.,Dock ve298,2025-01-13,mt-ui-UF68S0,2025-01-07,2025-02-12
8660,Fowey Harbour,Dock Gg436,2025-02-16,Husum,Dock VM383,2025-05-13,MO-Dz-kt01v0,2025-01-11,2025-01-09
3185,Falkenberg,Dock lk837,2025-01-11,Iskenderun,Dock Ny878,2025-02-18,Ug-Ak-fT40i5,2025-01-08,2025-03-29
8547,Faborg,Dock RV342,2025-03-29,Aberdeen,Dock Ix437,2025-03-12,Ri-Ke-Fa98S9,2025-05-04,2025-04-13
9750,Rade De Brest,Dock Gq777,2025-01-10,Tunis,Dock hA923,2025-03-31,Fm-CZ-hU89m6,2025-02-15,2025-03-29
9097,La Coruna,Dock UO766,2025-02-22,Renfrew,Dock xs689,2025-03-17,XX-qT-bO98h3,2025-01-12,2025-02-01
9229,Batumi,Dock wp438,2025-04-24,Hound Point Terminal,Dock au237,2025-05-07,Oq-Fl-yy55i8,2025-04-02,2025-01-01
8397,Praia De Vitoria,Dock XO762,2025-05-03,Cockburn Harbor,Dock aB776,2025-03-23,kX-UL-PL63u2,2025-04-04,2025-01-16
6031,Limin Kos,Dock wx385,2025-03-18,Setubal,Dock Tz855,2025-03-04,tt-Oz-wv12H0,2025-04-20,2025-03-20
4293,De Kastri,Dock iq223,2025-01-09,Berlevag,Dock ie247,2025-05-01,aK-gZ-Nv42b2,2025-03-15,2025-01-07
1343,Tahkoluoto,Dock Eb662,2025-04-29,Halden,Dock On968,2025-03-12,Ja-Mw-KS19J8,2025-02-26,2025-03-09
5328,Abenra,Dock WC729,2025-01-02,Narvik,Dock nO774,2025-04-06,AW-Mz-TV27h2,2025-03-22,2025-03-14
8200,Barentsburg,Dock zm842,2025-02-20,Hundested Havn,Dock rL877,2025-01-02,ve-ZZ-HE82T7,2025-03-24,2025-02-26
9417,Brannfors,Dock lK224,2025-02-13,Mandal,Dock cT379,2025-03-16,MB-qE-NF77G7,2025-04-16,2025-04-22
6187,Skelleftehamn,Dock zP438,2025-02-26,Vita,Dock Gm837,2025-03-23,ph-Hr-To67W3,2025-04-01,2025-02-04
6053,Sauda,Dock bN349,2025-01-21,Alanya,Dock oR573,2025-03-01,hf-Pp-wd46R9,2025-04-19,2025-03-04
509,Chornomors Ke,Dock KL626,2025-05-03,Istanbul,Dock fM249,2025-04-07,II-OJ-Fx28L2,2025-05-04,2025-05-11
2100,Puerto Bolivar,Dock Bq682,2025-04-29,Skaelskor,Dock hi964,2025-02-24,pu-Fe-Md89b0,2025-03-29,2025-03-27
5892,Vieux Fort,Dock sY767,2025-01-24,Saint Sampson,Dock ZH759,2025-03-05,pZ-kq-Vu92M3,2025-04-21,2025-01-13
6391,Southampton,Dock dA897,2025-04-06,Finnart Oil Terminal,Dock nU748,2025-05-14,ON-Dh-yh62l6,2025-01-15,2025-02-24
1089,Igarka,Dock JG585,2025-03-20,Kilroot,Dock Lz437,2025-05-05,BC-SZ-Er69q8,2025-01-04,2025-02-05
5311,Sorvagur,Dock wR326,2025-01-06,Frederiksted,Dock Rz567,2025-04-02,hQ-JA-ki18H0,2025-03-21,2025-05-02
5362,Porvoo,Dock gQ994,2025-03-27,Berdyansk,Dock sQ278,2025-01-23,Dq-Gg-FA58Y7,2025-01-20,2025-03-09
6162,Tangier-Mediterranean,Dock FG758,2025-05-13,Bangor,Dock nf376,2025-04-23,cJ-gp-TF60H4,2025-03-06,2025-05-11
7412,Tulcea,Dock mR289,2025-05-05,Gustavia,Dock iA434,2025-05-01,YQ-po-oG16S0,2025-01-31,2025-04-12
9304,Ouistreham,Dock aX938,2025-02-14,Coleraine,Dock XM293,2025-04-21,Ln-Zw-vH32g6,2025-03-08,2025-03-03
7446,Holbaek,Dock Kh958,2025-04-27,Concarneau,Dock bF267,2025-03-19,Sl-gx-Rf59E0,2025-03-14,2025-03-17
1378,Domsjo,Dock xO894,2025-01-15,Oldenburg,Dock Lu629,2025-04-03,ZD-sP-FZ84S9,2025-01-17,2025-05-06
975,Piran,Dock MT563,2025-04-25,Mosterhamn,Dock PV485,2025-02-16,VO-wd-OJ87n3,2025-04-22,2025-05-13
9769,Vila Real De S Antonio,Dock Vy679,2025-04-03,Kalmar,Dock ja238,2025-02-26,MU-NM-yB63S2,2025-01-18,2025-03-30
7471,Brunsbuttel Elbahafen,Dock iW447,2025-02-17,Porto Vecchio,Dock uq552,2025-02-26,oH-Jq-Ep12t3,2025-04-03,2025-02-28
6819,Ny Alesund,Dock Zt557,2025-03-18,Kilkeel,Dock Il646,2025-03-16,uI-PJ-zU69a5,2025-03-21,2025-03-25
9670,Mariel,Dock ec356,2025-01-22,Tobermory,Dock EF549,2025-01-26,CE-RN-CA23j7,2025-02-10,2025-05-06
2667,Augustenborg,Dock Wp674,2025-05-01,Ustka,Dock oV647,2025-05-10,gZ-oz-de94n4,2025-05-14,2025-03-26
6266,Avonmouth,Dock nY777,2025-01-10,Farosund,Dock UY434,2025-04-08,Xs-WW-ir51A2,2025-01-11,2025-03-13
308,Izmir,Dock gh297,2025-04-13,Bridlington,Dock Te826,2025-03-16,bi-fU-BF02a4,2025-05-14,2025-04-04
1365,Faborg,Dock MM674,2025-01-29,Stavanger,Dock Wv792,2025-01-15,BH-Di-mn84c4,2025-01-24,2025-03-07
758,Les Sables D' Olonne,Dock ZP429,2025-02-15,St George,Dock yo243,2025-05-07,Ff-VD-As72X6,2025-01-13,2025-02-22
3513,Bredvik,Dock Lr637,2025-02-24,Huelva,Dock dg646,2025-02-02,KA-hD-SW10q4,2025-05-01,2025-03-28
2177,Bristol,Dock mW239,2025-01-15,Lerwick,Dock dR379,2025-01-25,Wa-cz-zd63o3,2025-01-30,2025-03-14
1694,Didon Terminal,Dock aY526,2025-04-14,Broadford Bay,Dock xM696,2025-02-10,Ch-OF-MJ24D8,2025-01-01,2025-04-15
3259,Kenitra,Dock gR999,2025-03-25,Mikonos,Dock zW675,2025-01-21,eq-Bq-RN79Y9,2025-02-27,2025-04-07
6911,Plomarion,Dock yc937,2025-03-17,Orth,Dock oK459,2025-03-13,mT-RZ-mp41n4,2025-04-10,2025-03-14
5173,Pula,Dock nU645,2025-02-12,Plockton,Dock AD764,2025-02-15,Nc-fc-Ui29d0,2025-03-03,2025-02-01
3988,Izmir,Dock PA677,2025-02-20,Falmouth Harbour,Dock AV844,2025-05-13,vm-hn-WD26L3,2025-01-12,2025-01-09
4851,Tjotta,Dock yV733,2025-04-12,Yithion,Dock wy723,2025-03-21,SZ-Xe-GU85K3,2025-03-26,2025-05-14
5179,Henichesk,Dock Qe443,2025-04-03,Kavkaz Oil Terminal,Dock mT262,2025-03-27,dn-Zt-uB73S4,2025-02-08,2025-03-11
4145,Klintehamn,Dock Yx346,2025-02-08,Police,Dock gZ252,2025-03-06,sM-XD-fA65X5,2025-01-02,2025-02-12
996,Maassluis,Dock Uw757,2025-04-09,Bahai De La Habana,Dock WE353,2025-01-28,ii-Wh-uQ83Y9,2025-04-25,2025-02-23
2974,Vaja,Dock Js529,2025-01-27,Wismar,Dock tD536,2025-05-06,Pg-HJ-oN73f5,2025-04-14,2025-01-17
3819,Gulluk,Dock Be544,2025-04-21,Holmestrand,Dock aS624,2025-02-22,wM-KH-ql62f2,2025-03-06,2025-02-07
8749,Sillamae,Dock Hw322,2025-04-27,Granton,Dock Qm428,2025-03-24,TF-jQ-Az50G7,2025-02-11,2025-04-30
3676,Scalloway,Dock og664,2025-02-26,Saaremaa sadam,Dock BV927,2025-03-10,Mg-CC-Jv55h7,2025-05-06,2025-02-18
4397,Isle Of Grain,Dock Lp943,2025-05-05,Porto De Leixoes,Dock En733,2025-03-26,qq-KM-Up26k9,2025-01-22,2025-01-27
5860,L'ile Rousse,Dock az379,2025-03-26,Sauda,Dock VW379,2025-05-09,Nd-Ah-Pz74C0,2025-03-10,2025-03-03
5584,Drag,Dock Lp694,2025-02-16,Hargshamn,Dock Wu983,2025-01-18,VW-CF-Nu66k6,2025-03-31,2025-01-01
1217,Sanchez,Dock xA637,2025-04-10,Nekso,Dock ID765,2025-05-04,RJ-Lz-Ql22O8,2025-02-05,2025-04-08
6476,Gavan Vysotsk,Dock ro837,2025-02-11,Troon,Dock UG442,2025-03-31,Ua-Mu-ze46e6,2025-01-02,2025-03-29
8251,Sheerness,Dock MX476,2025-03-17,Poole Harbour,Dock Ot859,2025-03-14,MM-gO-By84R0,2025-01-17,2025-01-13
7975,Limetree Bay,Dock ft598,2025-02-20,Hunterston,Dock ua543,2025-03-20,mS-Oy-hg56X6,2025-03-03,2025-03-22
6983,Primorsk,Dock iJ776,2025-03-21,Rota,Dock tJ367,2025-02-27,Ja-ZN-nS58M5,2025-01-21,2025-05-07
2398,Bremen,Dock HG793,2025-01-14,Hamina,Dock fM874,2025-05-04,Hn-ZB-rN70s0,2025-03-14,2025-05-06
4768,Bowling,Dock Ck726,2025-05-15,Tvedestrand,Dock gz738,2025-01-27,Fv-zE-AF05k9,2025-03-01,2025-01-09
5121,Saint-Raphael,Dock MJ786,2025-02-14,Svelvik,Dock lX766,2025-04-03,UD-cc-zR99T6,2025-03-13,2025-03-23
5049,Penzance,Dock ei687,2025-01-13,Ardglass,Dock DT856,2025-04-03,xE-Jq-XL97t0,2025-04-19,2025-05-08
3114,Rohukula,Dock pb774,2025-04-12,Largs,Dock cF464,2025-03-31,Ir-Wo-pU39P5,2025-01-02,2025-03-15
1437,Rostock,Dock Dp679,2025-03-20,Puerto De Bilbao,Dock Uf237,2025-01-16,Ps-Ef-Fe00D6,2025-05-06,2025-02-24
5669,Rorvik,Dock db368,2025-03-28,Media Luna,Dock rt796,2025-04-02,XM-Zu-As01X4,2025-03-26,2025-03-26
4103,Gavrio,Dock hF592,2025-01-02,Botas Natural Gas Terminal,Dock ze346,2025-03-27,BC-bb-DA16O1,2025-01-31,2025-03-21
516,Sibenik,Dock MI433,2025-03-21,Mamonal,Dock lZ345,2025-02-13,VA-VC-Vt82q2,2025-01-04,2025-04-23
8114,Antwerpen,Dock eB328,2025-01-14,Concarneau,Dock fh834,2025-04-16,IU-Xv-zY06T4,2025-03-23,2025-04-23
8478,Ny Alesund,Dock Gx629,2025-03-07,Szczecin,Dock rQ352,2025-05-08,Ue-jV-Bb80P3,2025-01-18,2025-04-29
5245,Vestmanna,Dock Kt344,2025-02-18,Borusan Fertilizer Jetty,Dock zt528,2025-03-23,TP-vk-cY25q9,2025-02-03,2025-01-16
5491,Moldtustranda,Dock UU525,2025-03-02,Isle Of Grain,Dock tk635,2025-04-13,KD-kB-Rj61i7,2025-02-21,2025-01-30
7640,Scrabster Harbor,Dock Vh569,2025-05-03,Goteborg,Dock MM999,2025-03-02,UP-el-jW33B8,2025-03-04,2025-04-28
3794,Parnu,Dock ls866,2025-02-26,Litle Ballangen,Dock zC826,2025-01-28,Ia-CE-pO10N3,2025-01-15,2025-04-30
3602,Storsteilene,Dock uG577,2025-01-29,Bremerhaven,Dock AN236,2025-04-30,jb-xE-rP52L0,2025-01-17,2025-01-10
5458,Fecamp,Dock Zn492,2025-02-28,Molde,Dock Bd563,2025-05-13,BZ-sl-ZR47y0,2025-03-31,2025-03-06
5207,Marseille,Dock ZP846,2025-01-19,Teignmouth Harbour,Dock fz533,2025-01-11,Ra-Ll-wn09B3,2025-01-21,2025-02-13
168,Ploce,Dock tI483,2025-02-26,Flekkefjorden,Dock hY637,2025-04-17,dH-aS-hN60z5,2025-02-10,2025-04-03
9171,Londonderry,Dock QX932,2025-03-13,Oxelosund,Dock Im692,2025-03-11,ZE-kY-xr78s5,2025-03-24,2025-03-06
8072,Sint Michelsbaai,Dock AW584,2025-01-13,Ulvvik,Dock zF953,2025-05-03,Un-HG-ZN23N2,2025-01-17,2025-01-14
566,Itzehoe,Dock Sg233,2025-03-10,Marmaris,Dock bC245,2025-05-05,ly-LE-Pz92q5,2025-05-01,2025-03-30
4493,El Grao,Dock UW729,2025-05-07,Hudiksvall,Dock ho834,2025-03-15,Tl-JH-IZ63C0,2025-04-07,2025-04-22
6801,Tynemouth,Dock Uj287,2025-03-22,Ulvvik,Dock tp773,2025-01-21,wX-ak-LJ45n4,2025-01-04,2025-03-06
3196,Verkeback,Dock TX936,2025-02-23,St. Mary's (Scilly Isl.),Dock Zs732,2025-04-20,VC-kC-oF28C5,2025-03-19,2025-02-14
8373,Oxelosund,Dock Uu638,2025-05-13,Bandholm,Dock xT884,2025-04-10,KJ-Ik-kb41Y0,2025-04-06,2025-03-31
595,Bukhta Gaydamak,Dock gl442,2025-03-09,Vostochnyy,Dock NK435,2025-04-03,dV-MW-Wx35B2,2025-04-14,2025-03-30
140,Nyborg,Dock hH926,2025-01-05,Belfast,Dock lH478,2025-03-15,WO-mU-YC97L5,2025-01-28,2025-05-09
44,Torshavn,Dock yD828,2025-02-20,Stromstad,Dock ZV636,2025-04-19,Eb-Ge-xl76z2,2025-03-01,2025-02-18
7320,Koge,Dock Ie967,2025-04-27,Lajes,Dock nG556,2025-05-06,Iy-MF-Uu29C2,2025-04-11,2025-05-02
9875,Ensenada Honda,Dock sY446,2025-03-08,Umag,Dock yM439,2025-03-26,Tt-PZ-FQ73V3,2025-02-07,2025-04-06
9553,Cowes Harbour,Dock rh589,2025-04-03,Hemnesberget,Dock WH297,2025-03-13,nY-RC-xd17b2,2025-04-25,2025-01-12
2018,Ust-Dunaisk,Dock Qq563,2025-02-05,Fredrikstad,Dock BB633,2025-04-26,Vn-Mm-Wm73h0,2025-01-02,2025-02-07
2816,Fleetwood,Dock sz368,2025-04-05,Bahia De Jobos,Dock JA738,2025-04-28,DC-El-qy71V8,2025-02-16,2025-03-26
6630,Salsbruket,Dock kC584,2025-02-07,Hanstholm,Dock nr689,2025-04-29,lL-Ph-YP50E1,2025-02-21,2025-03-25
7240,Sandarne,Dock gi755,2025-04-01,Botas Natural Gas Terminal,Dock rX878,2025-04-12,tO-wY-ET37G5,2025-03-06,2025-04-25
6201,Playa De Humacao,Dock vK956,2025-03-05,Ceiba Hueca,Dock Fo934,2025-05-06,ua-nd-oI63x6,2025-05-14,2025-02-20
6223,Argostolion,Dock vv873,2025-05-15,Kotka,Dock sF936,2025-02-03,HH-xk-Ui96J7,2025-05-04,2025-04-23
7479,La Coruna,Dock hI249,2025-05-04,Argostolion,Dock kO854,2025-03-11,Jg-VW-PC93w2,2025-05-13,2025-03-08
6155,London,Dock Xy883,2025-02-01,Grebbestad,Dock rw862,2025-03-21,cM-Dy-jE09b5,2025-05-10,2025-04-16
5472,Yarmouth Harbour,Dock Ha887,2025-01-05,Berdyansk,Dock vp467,2025-03-13,IX-Xw-js00t7,2025-05-14,2025-04-23
2174,Megara Oil Terminal,Dock Pe966,2025-03-07,Nakskov,Dock aO882,2025-03-30,nQ-Ut-JH86H4,2025-02-12,2025-04-28
5353,Lunde,Dock FD842,2025-01-02,Vlaardingen,Dock Pe444,2025-01-18,dG-TB-gD58l9,2025-02-09,2025-03-13
8352,Eregli,Dock ml644,2025-04-03,Aultbea,Dock Fd225,2025-03-15,jT-xO-er06o3,2025-02-22,2025-03-01
1045,Pori,Dock nf862,2025-03-31,Tarbert,Dock qr693,2025-02-20,kV-NS-qB39H1,2025-02-03,2025-04-06
317,Parnu,Dock PL892,2025-04-13,Roomassaare,Dock Qo856,2025-02-06,KV-CS-Nv31x7,2025-05-01,2025-02-16
1043,Ronehamn,Dock kk532,2025-03-25,Bredvik,Dock zq269,2025-03-18,AO-KY-ja98b7,2025-04-13,2025-02-04
6236,Pos'yet,Dock TD696,2025-05-14,Nekso,Dock Sj497,2025-04-28,hC-yo-Fz11u0,2025-03-27,2025-01-23
2461,Ouistreham,Dock Jl385,2025-03-03,Kolding,Dock in243,2025-05-15,Kc-Wk-rg33q7,2025-01-08,2025-03-09
4570,Rahja,Dock aA994,2025-04-23,Randers,Dock Ja438,2025-01-29,uK-lL-vV27O6,2025-01-03,2025-03-28
